,Text,Language
0,"నేచురల్ (జర్మన్: నేచుర్, ఫ్రెంచ్, ఫ్రెంచ్, ఫ్రెంచ్, ఇంగ్లీష్: నేచురల్ లెజా, పోర్చుగీస్: ప్రకృతి.",Telugu
1,భౌతిక దృగ్విషయం మరియు జీవితం ప్రకృతి యొక్క అంశాలు.,Telugu
2,మానవ నిర్మిత వస్తువులు ప్రకృతిలో భాగంగా పరిగణించబడవు.,Telugu
3,ఇంగ్లీష్ స్వేచ్ఛ యొక్క కృత్రిమతగా ఉండటానికి స్వేచ్ఛ స్వేచ్ఛ యునైటెడ్ పాల్ నాచురా నుండి.,Telugu
4,ప్రకృతి స్వభావం అనే పదం విశ్వం మరియు సంక్లిష్ట దృగ్విషయాలను కలిగి ఉంటుంది.,Telugu
5,భూమి అనేది ప్రసిద్ధ గ్రహాలలో నివసించే అన్యాయమైన ప్రదేశం.,Telugu
6,సౌర వ్యవస్థలో సూర్యుడి నుండి భూమి మూడవ స్థానం.,Telugu
7,విశ్వం యొక్క పర్యావరణం వెలుపల స్థలం (?),Telugu
8,ధృవీకరించడం మరియు సూచనలు == గమనికలు మరియు సూచనలు == నేచురీ హోమ్‌పేజీకి.,Telugu
9,"వాతావరణ శాస్త్రాలు · 
 ఈవెంట్ సైన్స్ · 
 జియోసైన్సెస్ · 
 నేల విజ్ఞాన శాస్త్రం · 
 హైడరాలజీ సయోధ్య విషయాలు: జీవశాస్త్రం · 
 రసాయన శాస్త్రం · 
 పర్యావరణ రూపకల్పన · 
 ఎన్విరానోంటల్ ఎకనామిక్స్ · 
 ఎన్విరానోంటల్ ఎథిక్స్ · 
 ఎన్విరానెంట్ లా · 
 భౌతికశాస్త్రం · 
 కాలుష్య నియంత్రణ · 
 స్థిరమైన · 
 వికీపీడియా అనేది పర్యావరణ సాంకేతిక పరిజ్ఞానం యొక్క వ్యర్థాలను తయారు చేయడానికి స్వతంత్ర మరియు సమగ్ర ఎన్సైక్లోపీడియాను రూపొందించడానికి ఒక సామూహిక ప్రాజెక్ట్.",Telugu
10,లాభాపేక్షలేని వికీమీడియా ఫౌండేషన్ లేకుండా నడుస్తున్న వికీమీడియా ఫౌండేషన్ మద్దతుతో ఈ ప్రాజెక్ట్ పనిచేస్తోంది.,Telugu
11,వికీపీడియా కంటెంట్ యొక్క కంటెంట్ GNU ఉచిత పబ్లికేటివ్ అసెంబ్లీ క్రింద లభిస్తుంది.,Telugu
12,"అయితే, కొన్ని వెర్షన్లు అన్‌రోర్డ్ కంటెంట్‌ను కలిగి ఉంటాయి.",Telugu
13,వికీపీడియా పదాల మిశ్రమం పదాల మిశ్రమం.,Telugu
14,"వికీపీడియా ప్రకారం, వాలంటీర్ సేవ మొత్తం ప్రపంచవ్యాప్తంగా వ్యాపించిన వాలంటీర్ల యొక్క ఒకేలా ఉపయోగం.",Telugu
15,"వికీపీడియా మిమ్మల్ని వ్యాసం రాయడానికి అనుమతిస్తుంది, దాదాపు అన్ని వ్యాసాలు సవరించాయి మరియు మీ అన్ని సౌకర్యాలు.",Telugu
16,"జిమ్మీ వేల్స్ మరియు లారీ సాంగెర్ జనవరి 15, 2001 న వికీపీడియా ప్రాజెక్ట్ను ప్రారంభిస్తారు.",Telugu
17,వికీపీడియా అవసరమైన వ్యాసాల కోసం వికీపీడియా వెబ్‌సైట్ వెబ్‌సైట్ వెబ్‌సైట్‌ను ప్రారంభించింది.,Telugu
18,వికీపీడియా తల్లి భాగస్వామ్యంపై కీర్తిని పొందడానికి కీర్తి పొందగలిగింది.,Telugu
19,"ఈ రోజు, వికీపీడియా యొక్క ఆధారం ఇంటర్నెట్ యొక్క అత్యంత ప్రజాదరణ పొందిన ప్రజా-స్వాతంత్ర్యం.",Telugu
20,వికీపీడియా 292 భాషలలో ఉంది.,Telugu
21,"6,113,330 కంటే ఎక్కువ వ్యాసాలతో ఎక్కువ వ్యాసాలు ఉన్నాయి (http:/330 వ్యాసాలు (ఈ ప్రాజెక్ట్ యొక్క జెండా.",Telugu
22,మలయాళంతో సహా 20 భారతీయ భాషలలో వికీపీడియా కూడా నటించింది.,Telugu
23,"రిచర్డ్ స్టాల్మన్, ఎవరైనా వ్రాయగల స్వతంత్ర సాఫ్ట్‌వేర్ యొక్క భావన, [5] [6].",Telugu
24,ఆ ఆలోచనను అమలు చేసిన మొదటి నెల రిక్ గేట్స్ ఇంటర్‌డరర్. [7] [8] [8].,Telugu
25,కానీ ఇది ప్రణాళిక దశ కంటే ఎక్కువ కాదు.,Telugu
26,తరువాతిది సంబంధిత సమస్యల యొక్క లీడ్స్ యొక్క వ్యాసాల ఎన్నిక.,Telugu
27,జిమ్మీ వేల్స్ మరియు సహాయకుడు దాని శిల్పాలు [9] [10].,Telugu
28,"వ్యాసాల అధిక ఉత్పత్తి వ్యాసాల యొక్క చాలా తరచుగా నాణ్యత, దాని పెరుగుదల నెమ్మదిగా.",Telugu
29,"అందువల్ల, పబ్లిక్ ప్లాన్డ్ వికీపీడియా ఇనిషియేటివ్ ఇనిషియేట్స్ సవరణ ప్రాధాన్యతలను సవరణ చొరవ చొరవ చొరవ చొరవ చొరవ చొరవ చొరవ కార్యక్రమాలుగా ప్రారంభించింది.",Telugu
30,"వెబ్ ఎన్సైక్లోపీడియా యొక్క వెబ్ ఎన్సైక్లోపీడియాను ప్రారంభించిన వికీపీడియా యొక్క కళాఖండాల చిత్రం నిపుణులు, బార్‌సైడ్‌ను దాటడం ప్రారంభించింది మరియు అతిపెద్ద అనాగరికత వల్ల సంభవించింది.",Telugu
31,"వికీపీడియా అనేది ఉచిత ఆన్‌లైన్ ఎన్సైక్లోపీడియా, ఇది చాలా మంది రచయితలు మరియు పాఠకుల సహకారంతో సృష్టించబడింది.",Telugu
32,"వికీపీడియా అతిపెద్ద వికీలు 
 [12].",Telugu
33,"జనవరి 15, 2001 న, వికీపీడియా ఈ ప్రాజెక్టును ప్రారంభించింది.",Telugu
34,లక్షలాది మంది వినియోగదారులు వికీపీడియాలో లాభాపేక్షలేని వ్యాసాలు వ్రాస్తున్నారు.,Telugu
35,"ఈ ఉచిత వెక్సాకు ఇది ఆధారం, వికీసాఫ్ట్‌వేర్ వికీసాఫ్ట్ వికీపీడియా వెబ్ పేజీలో వ్యాసాలు రాయడంలో స్వేచ్ఛ మరియు సదుపాయాన్ని అందిస్తుంది.",Telugu
36,చాలా మంది వినియోగదారులు కొనసాగడానికి వికీపీడియాను మెరుగుపరుస్తారు.,Telugu
37,వారు ప్రతి గంటలో వేలాది మార్పులు చేస్తారు.,Telugu
38,ఈ మార్పులన్నీ వికీపీడియా ఉంచబడ్డాయి.,Telugu
39,అవాంఛిత మార్పులు సాధారణంగా మినహాయించబడతాయి.,Telugu
40,"అదేవిధంగా, నిరంతర వార్షిక అక్రమ చట్టాలు మార్చబడుతున్నాయి.",Telugu
41,వికీపీడియా ప్రస్తుతం వికీపీడియా యొక్క వెర్షన్లు ప్రస్తుతం ఉన్నాయి.,Telugu
42,వికీపీడియా కార్యకలాపాల ద్వారా అనేక చనిపోయిన భాషలు మరియు స్క్రిప్ట్‌లు పునర్వ్యవస్థీకరించబడుతున్నాయి.,Telugu
43,వికీపీడియా యొక్క జెండా 1 లక్షల సంఖ్యకు సమీపంలో ఉన్న వ్యాసాల అంచున ఉన్న వికీపీడియా యొక్క ఇంగ్లీష్ వెర్షన్.,Telugu
44,"మొదటి సంవత్సరంలో, వికీపీడియాపై వ్యాసాల సంఖ్య ఇరవై వేల మించిపోయింది.",Telugu
45,"ఒక రోజు 6 లక్షల కన్నా ఎక్కువ ఇంగ్లీష్ వికీపీడియాను సూచిస్తుంది, ఇంగ్లీష్ వికీపీడియా చూడండి.",Telugu
46,వికీపీడియా మలయాళంతో సహా 21 భారతీయ భాషలలో పనిచేస్తుంది.,Telugu
47,"వికీపీడియాలో ప్రస్తుతం 71,820 కి పైగా వ్యాసాలు ఉన్నాయి.",Telugu
48,వికీపీడియా విషయాల యొక్క విషయాలు లైసెన్స్ ద్వారా నియంత్రించబడతాయి.,Telugu
49,కాబట్టి వికీపీడియా యొక్క కంటెంట్ ఉచితం మరియు ఉచితం.,Telugu
50,వికీమీడియా ఫౌండేషన్ ఇప్పుడు వికీపీడియాకు దోహదం చేస్తోంది.,Telugu
51,వికీపీడియా ఆన్‌లైన్ ఎన్సైక్లోపీడియా.,Telugu
52,"వికీపీడియా అనేది అధిక నాణ్యత గల ఎన్సైక్లోపీడియాను తయారు చేయడానికి అధిక నాణ్యత గల ఎన్సైక్లోపీడియా, మరియు వికీపీడియా యొక్క శక్తి ఒక విలాసవంతమైన మరియు జ్ఞానం.",Telugu
53,అందుకే వికీపీడియా వికీపీడియాకు ప్రాతినిధ్యం వహించదు.,Telugu
54,వికీపీడియా శైలి మరియు సబార్డినేట్ వ్యాసాలకు వ్రాయబడతాయి మరియు వ్యాసాలు వ్రాయబడతాయి.,Telugu
55,"అంటే, స్పష్టమైన సంకేతాలు ఉండాలి.",Telugu
56,చాలా వికీపీడియా వికీపీడియా మరియు ఇతర ప్రచురణలను ఉటంకిస్తుంది.,Telugu
57,"వ్యాసాల రచనలో, మేము కృత్రిమ పత్రాలు వ్రాసాము మరియు వ్యాసాలు వ్రాసాము.",Telugu
58,"కానీ వికీపీడియాలో చురుకైన పని ద్వారా, ఈ విషయంలో అనుభవం మాత్రమే ఉంది.",Telugu
59,వ్రాసేవన్నీ వ్రాసే అన్నింటికీ మూలాన్ని జోడించకూడదు.,Telugu
60,విశ్వవ్యాప్తంగా ఆమోదించబడిన విషయాలకు లేదా ఇతరులకన్నా ఎక్కువ సూచనలు జోడించబడాలని గమనించండి.,Telugu
61,ప్రధాన సూచన చాలా వ్యాసాలు.,Telugu
62,దీని అర్థం వికీపీడియా కోరుకునే ఏదైనా అంశంపై వికీపీడియా,Telugu
63,"ఆన్‌లైన్ క్రియాశీలత యొక్క ప్రస్తుత సమయంలో, కానీ మలయాళ సంవత్సరంలో కూడా ఇది సులభమైన సౌకర్యాలు.",Telugu
64,"ఆన్‌లైన్ స్క్రీన్ ద్వారా సూచనలను కనుగొనడం జైలు శిక్ష, మలయాళ భాషలో కష్టంగా ఉండటం కష్టం.",Telugu
65,ఎందుకంటే మా వార్తాపత్రికలు ఇప్పటికీ యూనికోడ్ ఫాంట్‌ను ఉపయోగించడం ప్రారంభించలేదు.,Telugu
66,ఈ సూచనలు కేరళలో బాగా ప్రాచుర్యం పొందిన అతి ముఖ్యమైన ప్రయోజనంతో సంబంధం కలిగి ఉన్నాయి.,Telugu
67,"కేరళ నాటికి, చారిత్రక మరియు సంస్కృతి గురించి వ్యాసాలు మరియు వ్యాసాలు ప్రామాణికమైన పత్రాల ఆధారంగా ప్రామాణికమైన పత్రాల ఆధారంగా కథనాలను రికార్డ్ చేయడం సులభం.",Telugu
68,ఈ కారణంగానే వికిపీడియా నుండి ఎక్కువ మంది కార్యకర్తలను వికిపీడియా స్వాగతించింది.,Telugu
69,వికీపీడియాకు ఖచ్చితమైన వ్యాసం లేదు.,Telugu
70,"అంటే, ఒక వ్యాసం వెనుక ఉన్నవారు చాలా మంది ఉంటారు.",Telugu
71,"అందువల్ల, వికీ వికీ యొక్క వ్యాసాలలో మాత్రమే ఉన్నాయి:",Telugu
72,"అంటే, తటస్థత చాలా సహజంగా ఉంటుంది 
 భరోసా.",Telugu
73,"కాశ్మీర్, సింధు లోయ మరియు ఇజ్రాయెల్ మరియు ఇజ్రాయెల్-పాలస్తీనాలకు వికీపీడియా అత్యంత అత్యవసరమైన విధానం.",Telugu
74,వికీపీడియా వ్యాసాల వివరణ అదే సమస్య అదే వివరిస్తుందని నమ్మే విశ్వాసుల కోర్సు.,Telugu
75,అందువల్ల ప్రామాణికత చాలా మంది ఫెలోషిప్ నుండి ప్రామాణీకరించబడుతుంది.,Telugu
76,"మరో మాటలో చెప్పాలంటే, దీని అర్థం దిద్దుబాటు.",Telugu
77,"ఒక వ్యాసంలో పక్షపాతంతో ఉన్న రచయితలందరూ, అందువల్ల పెద్ద సంఖ్యలో కళాఖండాలు వనరుల మూలాల మద్దతుతో ఒక వ్యాసంలో ప్రవేశపెట్టబడతాయి.",Telugu
78,వికీపీడియా అనేది సమతుల్య దృష్టి సమతుల్య దృష్టి నిర్వహణ మరియు ఈ మార్గంలో చేరడం.,Telugu
79,వికీపీడియాలో వికీపీడియాలో ఎవరూ ఇప్పుడు అతనికి తెలియజేయండి.,Telugu
80,"కొంతమంది మంచి అనుభూతి చెందుతారు, కాబట్టి వికీపీడియా సమాచారాన్ని వాస్తవాలకు జోడించాలనుకుంటుంది.",Telugu
81,ఉదాహరణకు జార్జ్.,Telugu
82,డబ్ల్యూ.,Telugu
83,బుష్.,Telugu
84,మంచి లేదా చెడు చెడ్డదా అని తెలియదు.,Telugu
85,కానీ వికీపీడియా తన పుట్టినప్పటి నుండి అన్ని ముఖ్యమైన విషయాలు కూడా ఉంటుంది.,Telugu
86,సమీక్షలు వికీపీడియాలో ఉండకపోవచ్చు.,Telugu
87,ఎంచుకున్న వ్యాసాలు వికీపీడియా యొక్క వెబ్ చిరునామాలో మొదటిదానికి రాబోయే కథనాలు.,Telugu
88,"పాఠకుడు మొదటి వ్యాసం కాబట్టి, వికీపీడియా రచయితలు వ్యాసాల నాణ్యతపై దృష్టి పెడతారు.",Telugu
89,"ప్రతి నెల, ఎంచుకున్న వ్యాసానికి సమర్పించిన అనేక రకాల వ్యాసాలు ఉండవచ్చు.",Telugu
90,వికీపీడియా ప్రతి నెలా ప్రజాస్వామ్య ప్రక్రియ ద్వారా ఎంపిక చేయబడుతుంది.,Telugu
91,"వికీపీడియా, ప్రతిరోజూ కొత్త కథనాలను ఎంచుకోవడం ద్వారా ముఖ్య కథనాలు నివేదించబడతాయి.",Telugu
92,పూర్తి కంటెంట్ మరియు ఖచ్చితత్వంతో వ్యాసాలకు సమర్పించండి.,Telugu
93,"వికీపీడియా అనేది ఎంచుకున్న వ్యాసం, ఇది ఎంచుకున్న వ్యాసం ముందు, ఈ వ్యాసంలో చాలా దిద్దుబాట్లు చేస్తుంది.",Telugu
94,వికీపీడియా వ్యాసం వింటుంది మరియు వ్యాసం గురించి మొత్తం సమాచారం చేయడానికి అన్ని చిన్న మరియు అతిపెద్ద తప్పులను సరిదిద్దుతుంది.,Telugu
95,వ్యాసం యొక్క ప్రామాణికతను ధృవీకరించడానికి వికీపీడియా యొక్క వికీపీడియా యొక్క వికీపీడియా అవసరాల గురించి సమాచారం వ్యాసానికి జోడిస్తుంది.,Telugu
96,"ఎపిస్టిల్‌గా, వ్యాసం ద్వారా ప్రేరణ పొందిన పూర్తి పూర్తి జోడించబడుతుంది.",Telugu
97,"చలాక్‌కుడి, ఎలిఫెంట్, లారీ బేకర్, రోమన్ రిపబ్లిక్, క్రికెట్, నత్రజని మరియు భారతీయ రైల్వే వంటి వివిధ సమస్యలలో కూడా వ్యాసాలు ఎంపిక చేయబడ్డాయి.",Telugu
98,"తల్లిదండ్రులు, ఇబ్సెన్ మరియు ఇబ్సెన్ వంటి పదాలు ఎంచుకున్న వ్యాసాలకు అంకితం చేయబడ్డాయి.",Telugu
99,వికీపీడియా యొక్క పెద్ద సమూహం వికీపీడియా వ్యాసాలు.,Telugu
100,కొన్ని చాలా మంత్రముగ్ధమైన కళలను కలిగి ఉన్నాయి మరియు అద్భుతమైన భాషా సిన్బస్ కలిగి ఉన్నాయి.,Telugu
101,"ఎన్సైక్లోపీడియా 
 ప్రభావవంతమైన రచయితల రచయితలు భాషా తప్పులలో సరిదిద్దుతున్నారు, ఇవి జోడించేవారికి జోడించబడతాయి.",Telugu
102,"అందువలన, ఇది ఎడిటింగ్‌ను ఏర్పాటు చేయడంలో మంచి వ్యాసం.",Telugu
103,"మలయాళ వికీపీడియాకు చెందిన మలయాలీస్, మలయాళ వికీపీడియాకు చెందిన మలయాలీస్, మలయాళ వికీబుల్ వికీపీడియా వ్యాసాలు వికీపీడియా మలయాళ వికీపీడియాలో ఉన్నాయి.",Telugu
104,ఇటువంటి చర్చ ఈ రోజు ఇంకా ముగియలేదు.,Telugu
105,ఆంగ్ల పదాలతో ఉన్న మరొక ప్రాంతం మరొక ప్రాంతం.,Telugu
106,"చాలా ఆంగ్ల పదాలుగా, కొన్ని మలయాళ లిపిలో ఉపయోగించబడతాయి, ఎందుకంటే కొన్ని ఆంగ్ల పదాలు సమానంగా లేవు.",Telugu
107,మరికొందరు మలయాళ పదాలను అలాగే వాటి సామర్థ్యాన్ని ఉపయోగిస్తారు.,Telugu
108,"మలయాళ వికీపీడియా యొక్క వినియోగదారుల సంఖ్యకు పెద్దగా లేనందున, ఈ విషయాలన్నీ గజిబిజిగా ఉన్నాయి.",Telugu
109,"మలయాళ వికీపీడియాలో వ్యాసాల సంఖ్య పెరిగినప్పుడు, సమస్య సాధారణంగా పరిష్కరించబడుతుందని నమ్ముతారు.",Telugu
110,"తరచుగా వికీపీడియాలో ఎక్కువ మంది ప్రజలు, ఎక్కువ మంది ప్రజలు సత్యాన్ని విధించే అవకాశం ఉంది. ఉదాహరణకు, కాశ్మీర్ ఇష్యూ - ఇది పాకిస్తాన్ జాతీయుల కంటే వికీపీడియాను ఎక్కువగా కలిగి ఉంటుంది.",Telugu
111,"అదేవిధంగా, బెల్గాం జిల్లాకు చెందిన మహారాష్ట్ర మరియు కర్ణాటక మధ్య వివాదం.",Telugu
112,"వాదించే వ్యాసాలు, అంతర్జాతీయ వివాదాలు, సరిహద్దు వివాదాలు, వ్యాసాలు, రాజకీయ పార్టీలపై వ్యాసాలు ఉన్నాయి.",Telugu
113,"చాలా మంది కస్టమర్లు తమ దృక్కోణం ప్రకారం మారిపోయారు, కొత్తగా రాసిన వ్యక్తి కొత్తగా రాసిన వ్యక్తి కొత్తగా రాశారు, కొత్త మనిషిని రాశారు.",Telugu
114,వికీపీడియాపై వికీపీడియా సమాచారం వ్యాసం యొక్క తటస్థాన్ని రక్షించడానికి ప్రయత్నిస్తోంది.,Telugu
115,అవి తరచుగా దిద్దుబాటు యుద్ధంలో రక్షణ పని.,Telugu
116,వికీపీడియాకు చెందిన నన్నర్లను సాధారణంగా వికీపీడియా అని పిలుస్తారు.,Telugu
117,ఇది వికీ అని వారి సమాజం చెబుతోంది.,Telugu
118,"వికీపీడియా యొక్క మనస్సులు జ్ఞానం మరియు జ్ఞానం గురించి స్పష్టమైన అవగాహన మరియు జ్ఞానం మరియు జ్ఞానాన్ని పంచుకోవడానికి పరస్పర సంఘం 
 విక్షోరీ ఒకటి.",Telugu
119,వికీపీడియాలో వికీపీడియా సంఖ్యను వికీపీడియా అంచనా వేసింది.,Telugu
120,ఇప్పటివరకు మలయాళంలో ఇప్పటివరకు ఉన్నాయి.,Telugu
121,"అయితే, వికీపీడియాలో నమోదు కాని వికీపీడియా లేదు:",Telugu
122,"వాటిలో ఒకటి సామాన్య మానవజాతిలో ఉన్నారు, మరియు వికీపీడియా యొక్క జీవితాలు వారు చేసే పనిని ఏదైనా చేయబోతున్నాయి.",Telugu
123,"కంప్యూటర్ ఇంటర్నెట్‌తో సంబంధం కలిగి ఉంటే, అవి వికీపీడియా అవుతాయి.",Telugu
124,వికీపీడియా చదవడం మరియు చదవడం లేని ఇతర వికీపీడియాలను ఉపయోగించడానికి సాధారణ ఉపయోగం చేసే ఎవరైనా మరియు అందించే ఎవరైనా.,Telugu
125,వికీపీడియా అనేక జలాల సూత్రాన్ని నమ్ముతుంది.,Telugu
126,అవి రాణి లేని యాంటీ-ఉల్డూట్ లాంటివి.,Telugu
127,"కొందరు వ్యాసాలు వ్రాస్తారు, కొంతమంది కొత్త సమాజాన్ని స్వాగతిస్తున్నారు, కొందరు తప్పులను సరిదిద్దుతారు మరియు కొందరు చిత్రాలతో సంబంధం కలిగి ఉన్నారు.",Telugu
128,కాబట్టి వికీపీడియా వికీపీడియాకు పనిచేస్తుంది.,Telugu
129,"వికీపీడియాకు పోలీసులు, కోర్టు లేదా లీగల్ కోడ్ లేదు.",Telugu
130,"కొన్నిసార్లు వారు వారి కార్యకలాపాల మధ్య ఆలోచనలను సృష్టిస్తారు, కాని వారు దానిని ఏకాభిప్రాయం ద్వారా పరిష్కరిస్తారు.",Telugu
131,వికీపీడియాలో వికీపీడియా పేజీలతో వారికి పరిచయం ఉండవచ్చు.,Telugu
132,వారి ప్రత్యేకత ఈ పేజీలు వారి స్వంత శైలిని (యూజర్ బాక్స్) వెల్లడించే మరొక లక్షణం.,Telugu
133,కొంతమంది వికీపర్స్ కోవెటర్స్ (పరిమాణాలు) గా ఎంచుకుంటారు.,Telugu
134,నిర్వాహకుల ప్రధాన పని వికీపీడియా యొక్క విభాగాలను హైలైట్ చేయడం.,Telugu
135,"సమాజాన్ని నేరుగా సరిదిద్దలేదనే భయంతో, వారి స్వరానికి నేరుగా సూచించే వికీపీడియాకు ప్రతిపాదించిన ఏ పేజీలను మార్చడానికి ప్రతిపాదించిన పేజీలను సవరించడానికి వికీపీడియా నియమించబడింది.",Telugu
136,"మీరు అలాంటి వ్యక్తులను కనుగొంటే, దిద్దుబాట్లు చేయకుండా నిరోధించాల్సిన అవసరానికి నిర్వాహకులు బాధ్యత వహిస్తారు.",Telugu
137,"అదే సమయంలో, వికీసోర్స్ యొక్క ద్రోహం మరియు పిటిషనర్ల అకమ్.",Telugu
138,"అదనంగా, వికీపీడియా వికీయోప్స్ చేసేది చేస్తుంది.",Telugu
139,బ్యూరోక్రాట్లు సాధారణ వికీపీడియా మరియు సిజోప్‌ల కంటే అద్దె లగ్జరీ ఉపవిభాగం.,Telugu
140,ఇతర వికీపీడియా ఎంపిక చేయబడుతుంది.,Telugu
141,"వారి జీవులు మరియు ఇతరులను శుభ్రపరచడం మరియు రక్షించడం, వికీపీడియా, ఇతర బ్యూరోక్రాట్లను మార్చండి మరియు వికీపీడియా రూపాన్ని వికీపీడియా రూపంలో మార్చండి.",Telugu
142,"వికీపీడియా కాకుండా, వికీపీడియా వికీపీడియా యొక్క చెడ్డ సవరణ!",Telugu
143,"విధ్వంసానికి ఉదాహరణ వికీపీడియాలో వ్రాయబడింది, మంచి వ్యాసాలు రావడం మరియు వ్యాసాలలో అశ్లీల అశ్లీలత రాయడం, అసంబద్ధంగా మరియు జోకులు.",Telugu
144,ఇతర వికీపీడియా వినియోగదారు వినియోగదారుని చేస్తారని హెచ్చరిస్తుంది.,Telugu
145,"వార్నర్స్ వినకుండా మళ్ళీ డష్: పని కొనసాగితే, ఏదైనా ప్రవేశాలు ఏవైనా నిర్వాహకులు సవరణలు చేయకుండా నిరోధిస్తాయి.",Telugu
146,తరచుగా క్రొత్త వినియోగదారులు వాటిని పదేపదే చేయగలరని పరీక్షించడానికి అర్ధమయ్యే పేజీలను చూస్తారు.,Telugu
147,ఇది విధ్వంసం కాదు.,Telugu
148,ఇతర వికీపీడియా సాధారణంగా అలాంటి చివరలతో తట్టుకోబడుతుంది.,Telugu
149,వికీపీడియా ఎడిటింగ్ ఎంపిక ద్వారా లాగిన్ అవుతుంది.,Telugu
150,"ఎక్కువగా విడాలిజం 
 రావడం తెలియని వినియోగదారుల నుండి (తెలియని వినియోగదారులను పిలుస్తుంది).",Telugu
151,వండులరిజాన్ని నిరోధించడానికి లేదా కొత్త కథనాలను ప్రారంభించడానికి తెలియని వినియోగదారులకు వికీపీడియాలో చిత్రాలను జోడించడానికి అనుమతి లేదు [సైటేషన్ అవసరం].,Telugu
152,కానీ సవరణలు చేయడానికి వాటి అన్నింటినీ అందించే కథనాలను మెరుగుపరచవచ్చు.,Telugu
153,చాలా మంది వినియోగదారులు లాగిన్ అవ్వకుండా సవరణలు చేయడానికి ఇష్టపడతారు.,Telugu
154,వికీపీడియా వాటిని నిరోధించదు.,Telugu
155,వికీపీడియాతో ఎటువంటి సమస్యలు లేవు.,Telugu
156,"కొన్నిసార్లు కొన్ని సామాజిక వ్యతిరేక వాస్తవాలు మరియు ప్రైవేట్ అనుభవం కోసం ప్రజా వ్యక్తీకరణలు, కొన్ని పేజీలు.",Telugu
157,"అయినప్పటికీ, ఆ పేజీల గురించి శ్రద్ధ వహించే వారు అవన్నీ త్వరగా చేస్తారు.",Telugu
158,వికీమీడియా సంస్థ అటువంటి సమస్యల నుండి తూర్పు సమస్యలకు ఎంత సమయం పడుతుందో చూడటానికి ఒక పరీక్ష చేసింది.,Telugu
159,ఐదు నిమిషాల్లో ఐదు నిరుద్యోగ సవరణలలో.,Telugu
160,దీని వెనుక పెద్ద వాలంటరీ ఉంటే కొన్నిసార్లు అది చేయవచ్చు.,Telugu
161,కానీ అది నిరంతరాయంగా లేదు.,Telugu
162,దీనిని ఇంగ్లీష్ వికీపీడియా ప్రదర్శిస్తుంది.,Telugu
163,వికీపీడియా అనేది పండితులు మరియు పసార్నన్లను దానం చేసే వ్యవస్థ మరియు అదే పరిశీలన.,Telugu
164,మీరు వికీపీడియాకు వికీపీడియాకు ఎలా విరాళం ఇవ్వవచ్చు.,Telugu
165,పాఠశాల పిల్లల నుండి వికీపీడియా వరకు వికీపీడియాకు వ్రాయబడింది.,Telugu
166,వికీ యొక్క పద్యం యొక్క గడియారం ధృవీకరించబడిన ఎవరైనా; తిరిగి వచ్చే వ్యక్తి మరియు అవగాహన యొక్క అవగాహన యొక్క అవగాహన యొక్క అవగాహనకు అదనంగా.,Telugu
167,ఒక ప్రాథమిక పాఠశాల ఉపాధ్యాయుడు వారి పాఠశాలకు తిరిగి వస్తాడు; ప్రాధమిక విద్య యొక్క వివిధ దశలకు భయపడటం.,Telugu
168,బ్యాంక్ ఉద్యోగి మరియు వారి స్వంత బ్యాంకు చరిత్ర; డిగ్గ్రీ విద్యార్థి అతను నేర్చుకున్న విషయం యొక్క పదాలు ఏమిటో నిర్వచిస్తాడు.,Telugu
169,పార్టీ నాయకుల నాయకులను వ్రాస్తుంది.,Telugu
170,"ఎ 
 మరియు వ్రాయబడే సినిమా ఉంది, నటనలో ఉన్న వారందరూ.",Telugu
171,ఒక రైతు షహారెస్ చాలా మంది రైతు ...,Telugu
172,"2001 లో, ఫస్ట్ వికీపీడియా మొదటిసారి ఆంగ్లంలో ఉంది.",Telugu
173,"వికీపీడియా, 2001, 2011, రెండవ వికీపీడియా, రెండవది.",Telugu
174,"వికినెవ్స్ ఫ్రెంచ్, చైనీస్, డచ్, హిబ్రూ, ఇటాలియన్ మరియు రష్యన్ మరియు రష్యన్లలో ప్రారంభమైంది.",Telugu
175,"భారతీయ భాషలో, భారతీయ భాషలో కూడా, భారతీయ భాషలో కూడా ప్రయత్నాలు చేయలేదు.",Telugu
176,"జూన్ 2002 లో, ఈ మార్గానికి మొదటి ప్రయత్నం జూన్ నెలలో వికీప్డ్, పంజాబీ, అస్సామస్ మరియు ఒరియా.",Telugu
177,కానీ భారతీయ భాషలలో మొదటి వికీపీడియా మూడవది చనిపోయింది.,Telugu
178,వ్యాసాల సంఖ్య ఇప్పటికీ 10000 కన్నా తక్కువ.,Telugu
179,"ఈ మూడు భాషల తరువాత, వికీపీడియా మలయాళంలోని మలయాళంలో ఉంది.",Telugu
180,"బిహారీ, జూన్ 2003, బెంగాలి, జూన్ 2003 లో 2003, బెంగాలి, జూన్ 2003, బెంగాలి, జూన్ 2003 ప్రారంభమైంది.",Telugu
181,వికీపీడియాను క్రియేటివ్ కామన్స్ వెబ్‌సైట్ వికీపీడియా గమనించింది.,Telugu
182,వికీపీడియా కార్యకర్తలు జనవరి 15 న వికీపీడియా గురించి చర్చిస్తున్నారు.,Telugu
183,వికీపీడియా ఎడిటర్ వారు వికీపీడియాలో మరియు వచ్చే ఏడాది వికీపీడియాలో సమాచారాన్ని ఆసక్తి చూపడానికి ఈ క్రింది కొత్తవారికి ప్రోగ్రామ్‌లను రూపకల్పన చేస్తున్నారు.,Telugu
184,[14] కృత్రిమ మేధస్సు యొక్క నిర్మాణం మరియు అభ్యాస వ్యవస్థ కృత్రిమ మేధస్సు యొక్క శాఖ.,Telugu
185,"అమెరికన్ కంప్యూటర్ గేమ్ మరియు ఆర్టిఫెస్టియల్ ఇంటెలిజెన్స్ నైపుణ్యం అయిన ఆర్థర శామ్యూల్, ఆర్థర్ శామ్యూల్ అనే పేరు పేరు పేరు.",Telugu
186,అప్పుడు అతను 1959 లో IBM లో ఇంజనీర్‌గా పనిచేస్తున్నాడు.,Telugu
187,"ఇది కంప్యూటర్లు, ప్రత్యక్ష సూచనలు మాత్రమే మార్గం, ఉదాహరణలు, ఉదాహరణలు, ఉదాహరణలు మరియు ఇది వయా సామర్థ్యం కలిగి ఉంటుంది.",Telugu
188,"ఉదాహరణకు, మీరు ఇమెయిల్ సందేశాల నుండి ఇమెయిల్ సందేశాల నుండి యంత్రం మరియు నాన్-వైల్స్‌ను గుర్తించడానికి మెషిన్ టైరియన్ సిస్టమ్‌కు శిక్షణ ఇస్తే, కొత్తగా వచ్చిన మెయిల్ సందేశాలు మార్గంలో ఉన్నాయని ధృవీకరించవచ్చు.",Telugu
189,యంత్ర వ్యవస్థ యొక్క కోర్ సాధారణీకరణ మరియు ప్రాతినిధ్యం మీద ఆధారపడి ఉంటుంది.,Telugu
190,ఈ నమూనాల నుండి చర్యలు మరియు రచనలు అన్ని యంత్ర అధ్యయనాలలో భాగం.,Telugu
191,సాధారణీకరణ అనేది పని ఉదాహరణలో ఇంకా కనిపించని లక్షణం; లెక్కలను అధ్యయనం యొక్క అభ్యాసం యొక్క గోర్లుగా పరిగణించవచ్చు.,Telugu
192,యంత్ర అధ్యయనాల ఆధారంగా చాలా ప్రాంతాలు ఉన్నాయి.,Telugu
193,"ఉదాహరణకు, ఆప్టికల్ క్యారెక్టర్-రేసెంట్స్ టెక్నాలజీలో ముద్రించిన చిహ్నాలు మరియు అక్షరాలను చదవండి, ఇది మునుపటి నమూనాలచే సాధ్యమవుతుంది.",Telugu
194,యంత్రాలు ప్రధానంగా మూడు రూపాల్లో ఉంటాయి.,Telugu
195,"మార్కీ శీర్షికతో పాటు, మెషిన్ ట్రైనింగ్ పాయింట్ వద్ద ఇన్పుట్ అవుట్పుట్ పరిచయాలు అందుబాటులో ఉండాలి.",Telugu
196,సమాచారాన్ని వేరు చేయడానికి ఈ సూత్రాన్ని వేరు చేయడం.,Telugu
197,ఆటో-ప్రాపర్టీ మెషీన్ను మరియు ఇన్‌పుట్‌లను ఎంచుకోవడం భవిష్యత్ అవుట్పుట్ విలువ లేదా ఇన్పుట్ వివరాల గురించి మాత్రమే తెలుసుకోవచ్చు.,Telugu
198,క్లస్టరింగ్ ఈ వర్గంలో ఉంది.,Telugu
199,ఒకే గ్లాస్ట్‌లో సమాచార ప్రమాణాలను పోలి ఉండేలా క్లస్టరింగ్ ద్వారా ఒకే అక్షరాలు ఉంటాయి.,Telugu
200,ఎర్రటి యంత్రం కృత్రిమ మేధస్సు యొక్క ప్రధాన అంశం.,Telugu
201,"ప్రతి దశ తగిన ప్రమాణాల ద్వారా అంచనా వేయబడుతుంది మరియు తదుపరి తొలగింపు ఏమిటంటే, దీని వెనుక ఉన్న సూత్రం ఏమిటంటే, అత్యంత సమర్థవంతమైన ఎంచుకోవడానికి యంత్రానికి శిక్షణ ఇవ్వడం.",Telugu
202,"ఆట, ఆన్‌లైన్ పరీక్షలు మరియు స్వీయ ప్రచురణ రంగాలలో పున ist ప్రారంభించే యంత్రం చాలా ముఖ్యం.",Telugu
203,యంత్ర అధ్యయనంలో మెషిన్ స్టూడియోస్‌లో ఆరు ప్రధాన కారకాలు అవసరం.,Telugu
204,సమాచారం (డేటా) అందుబాటులో లేకపోతే యంత్రం సాధ్యం కాదు.,Telugu
205,"ఇంటర్నెట్‌లో, ఇంటర్నెట్ మరియు ఇతర, యంత్ర అధ్యయనాలను అవరోధంలో చేయవచ్చు.",Telugu
206,"చాలా సమాచారం (డేటా) ఉంటే, విధి ఏమి చేయబోతుందో ముందుకు సాగాలని సలహా ఇవ్వాలి.",Telugu
207,స్టన్నర్ క్యాన్సర్ ఉంటే వెయ్యి మంది రోగుల వయస్సు తనిఖీ చేసిన డేటా ఉన్న డేటా ఉందని అనుకుందాం.,Telugu
208,"ఒకరి వయస్సు యొక్క కొత్త వయస్సు మరియు కణితి యొక్క పరిమాణం అతనికి క్యాన్సర్ లేకపోతే లేదా కాకపోతే able హించగలిగితే, అతను యంత్ర అధ్యయనాన్ని సృష్టించగలడు.",Telugu
209,యంత్ర అధ్యయనాలు ఇన్‌పుట్ నుండి అవుట్‌పుట్‌కు సంక్లిష్టమైన గణిత సమీకరణాన్ని కనుగొంటాయి.,Telugu
210,"ఈ గణిత సమీకరణం యొక్క సంక్లిష్టతను నిర్ణయించాలి, ఇది మోడల్ సమీకరణం.",Telugu
211,"ఉదాహరణకు, మేము మాతృ సందేశం (సరళ సమీకరణం) అవుతాము లేదా ప్లడివ్ అని నిర్ణయించబడుతుంది.",Telugu
212,మోడల్ యొక్క తదుపరిది (పారామితులు) సమీకరణంలో అభిషేకం చేయబడుతుంది.,Telugu
213,గుణానార్న్ (యాదృచ్ఛిక) ధరలు చిన్న మార్పులను అందిస్తాయి మరియు అధ్యయనం చేయడానికి అందుబాటులో ఉన్న సమాచారాన్ని వదిలించుకోవడానికి ధరల ధరలు అవసరం.,Telugu
214,"దీన్ని తయారు చేయగలిగేలా, ప్రస్తుతం అంచనా వేసిన సమాధానం మధ్య అంతరాన్ని నిర్వచించాలి.",Telugu
215,ఈ నిర్వచనాన్ని నష్టం అంటారు).,Telugu
216,"సాధారణ సగటు నష్టం (సగటు స్క్వేర్డ్ లోపం), క్రాస్ ఎంట్రోపీ నష్టం (క్రాస్ ఎంట్రోపీ నష్టం) సాధారణంగా ఉపయోగించబడుతుంది.",Telugu
217,ఇది సమాచారం ద్వారా గణిత సమీకరణాల యొక్క ప్రయోజనాల యొక్క అత్యధిక ధరలు.,Telugu
218,నష్టం (నష్టం) గరిష్ట చౌక లబ్ధిదారుల ధరలను కనుగొనండి.,Telugu
219,ఇది వివిధ ఆప్టిమైజేషన్ అల్గారిథమ్‌లను ఉపయోగిస్తుంది.,Telugu
220,అల్గోరిథం వివిధ రకాల అల్గోరిథం.,Telugu
221,పరీక్ష డేటా సమితి అభ్యాసం ద్వారా కనిపించే యంత్ర అధ్యయన నమూనా యొక్క యంత్ర నిర్మాణం యొక్క ఖచ్చితత్వాన్ని అంచనా వేస్తారు.,Telugu
222,"మీస్ సగటు నష్టం మరియు సగటు స్క్వేర్డ్ లోపం యొక్క ప్రమాణాలను ఉపయోగించి అంచనా వేస్తారు), ఖచ్చితత్వ స్కోరు.",Telugu
223,"మీ రోజువారీ జీవితంలో ఏమి జరుగుతుందో ఈ సరికొత్త సంభాషణ చేయడానికి శీఘ్ర మార్గాల కోసం ఎక్కడ చూస్తున్నారు, కాబట్టి ఆంగ్లంలో ఏమి జరుగుతుందో నాకు తెలుసు, కాబట్టి మేము మీ రోజువారీ జీవితంలో ఈ మొత్తం సంభాషణను ఉపయోగించవచ్చు.",Telugu
224,కాబట్టి ఈ రోజు మనం వారి అర్ధాలు మరియు 10 కొత్త స్మార్ట్ నిబంధనలు మరియు వాక్యాల ఉదాహరణలను అధ్యయనం చేయబోతున్నాం కాబట్టి వెళ్దాం.,Telugu
225,ఈ వీడియోలో నేను ఈ వీడియో చివరిలో మరియు వీడియో ముగింపులో మీకు 10 ఉత్తమ పదాలను ఇస్తాను.,Telugu
226,మీకు నిజంగా సరళంగా ఇవ్వడానికి నేను మీకు గొప్ప చిట్కా ఇస్తాను.,Telugu
227,ఒకటి చిత్తడిలా ing పుతూ ఉంటుంది లేదా ఫ్లోట్లు వాపు లేదా వరదలు తరచుగా నేను చిత్తడిలాగే పని చేసిన సందర్భంలో ఉపయోగించబడతాయి.,Telugu
228,"M ఉద్యోగంలో ఒక మార్షింగ్. ఈ వారం నాకు చాలా పని ఉంది, నాకు he పిరి పీల్చుకోవడానికి సమయం లేదు, ఇప్పుడు ఈ పదాన్ని చూద్దాం.",Telugu
229,"స్వాంప్ ఒక చిత్తడి నేల, మరియు ఎవరైనా తప్పు ప్రదేశంలో పదవీవిరమణ చేస్తే, వారు సులభంగా మునిగిపోతారు, చిత్తడినేలల స్వరం డైవ్ చేయడమే, కాబట్టి ఈ పదాన్ని ఎలా ఉపయోగించాలి.",Telugu
230,మీకు చాలా పనులు ఉన్నాయని వారు అంటున్నారు మరియు మీరు ఒక పరీక్ష కలిగి ఉన్నారు మరియు మీరు మీ వద్దకు వస్తారు మరియు మీరు మీ వద్దకు వస్తారు.,Telugu
231,"హే మీరు మాతో ఎందుకు సమావేశమవుతున్నారో మీరు వారికి చెప్పగలరు కాని నన్ను క్షమించండి, నేను పనిలో ఉన్నాను లేదా చిత్తడికి బదులుగా మీరు ఉపయోగించగల మరేదైనా.",Telugu
232,చెయ్యవలసిన.,Telugu
233,నేను నా స్థానంలో చాలా విషయాలు మునిగిపోతున్నాను.,Telugu
234,"నియామకాలలో, నేను రెండు క్యాచ్ -22, ఇప్పుడు నేను క్యాచ్ -22 కి ముందు ఈ పదాన్ని విన్నాను, మీరు మరొకటి చేయలేరు. ఎందుకంటే మీరు మొదటిదాన్ని చేయలేదు.",Telugu
235,"నేను మిమ్మల్ని గందరగోళానికి గురిచేశాను, కాబట్టి క్యాచ్ -22 పరిస్థితి మీకు పని అనుభవం లేకుండా ఉద్యోగం రాని పరిస్థితి.",Telugu
236,"రెండవ ప్రపంచ యుద్ధంలో సైనికులు, జోసెఫ్ హెలెర్ తన ప్రసిద్ధ పుస్తకం, అతని ప్రసిద్ధ క్యాచ్ -122 లో తన ప్రసిద్ధ క్యాచ్ -122 ను సృష్టించాడు.",Telugu
237,క్యాచ్ -122 యొక్క మరొక ఉదాహరణ సరిపోదు కానీ మీకు బ్యాంక్ రుణం అవసరం.,Telugu
238,"డబ్బు కానీ మీకు తగినంత డబ్బు నిరూపించకపోతే మీకు తగినంత డబ్బు ఉందని, మీకు ఆ బ్యాంక్ రుణం లభించదు, కాబట్టి మీరు బాధ కలిగించే స్థితిలో చిక్కుకున్నప్పుడు గుర్తుంచుకోండి.",Telugu
239,క్యాచ్ -122 అనే పదాన్ని ఉపయోగించడానికి.,Telugu
240,క్యాచ్ -22 స్థానంలో మీరు ఉపయోగించగల మరో మాటలు వ్యంగ్యం లేదా గందరగోళంతో ఉన్న స్మార్ట్ పదం.,Telugu
241,సూవీ సూట్ సూట్ యొక్క మూడవ సంఖ్య అంటే రాష్ట్రం మర్యాదగా ఉంటుంది.,Telugu
242,"'బాగా ప్రవర్తించిన బానిస అనే పదం వేర్వేరు వనరులను కలిగి ఉంది, కానీ ఈ పదం యొక్క చాలా ఆసక్తికరమైన మూలం అందమైన లేదా తీపి రుచికి ఉదాహరణ.",Telugu
243,"అతను చాలా సిద్ధంగా ఉన్నాడు, ముఖ్యంగా మహిళల ముందు లేదా బుర్యక్ ఒబామా చాలా ఆకర్షణీయంగా మరియు మృదువైనవాడు, మీరు పార్టీకి హాజరైనప్పుడు ఇప్పుడు గుర్తుంచుకోండి, మీరు ఈ వ్యక్తిని చూస్తారు.",Telugu
244,మంచి మర్యాద మరియు సంస్కృతి మరియు సమస్యలు.,Telugu
245,'ఈ పదం మూలలో అందమైన మీ పదజాలం సృష్టిస్తుంది.,Telugu
246,నాలుగు కోర అనే పదం ఏదీ లేదు మరియు చాలా చెడ్డ చెడ్డ మూలం మరియు భయంకరమైన హాని మరియు తీవ్రమైన గర్భస్రావం ఒక సోరైట్ రేప్ కేసు.,Telugu
247,దారుణమైన అంతరాలలో దారుణంగా రోజువారీ తప్పులలో కొన్ని క్రూరమైన రోజువారీ తప్పులు చేయడం గురించి మాట్లాడటానికి రోజువారీ జీవితంలో ఉపయోగించబడుతుంది.,Telugu
248,"ఉదాహరణకు, అతని టేబుల్ క్రూరమైనది లేదా ఆమె దుస్తులు చాలా క్రూరమైనవి లేదా అతని వ్యాకరణం క్రూరమైనది.",Telugu
249,కాబట్టి వార్తలలో భయంకరమైన రచన విన్నప్పుడు గుర్తుంచుకోండి.,Telugu
250,"ఇది ఒక క్రూరమైన చర్య అని చెప్పండి మరియు చెప్పండి మరియు పదం సంఖ్య 5 మూర్ఖుడు, మూర్ఖత్వం, అద్భుతమైన, అద్భుతమైన ఆశ్చర్యం.",Telugu
251,"ఇప్పుడు మేము తరచూ ఒక అద్భుతమైన పదాన్ని ఉపయోగిస్తాము 'ఉదాహరణకు, అద్భుతమైన STMPARUS కి బదులుగా మీరు ఉపయోగించగల మరొక పదం ఈ రోజు నా పరీక్ష యొక్క మంచి స్కోరును కలిగి ఉంది, అంటే నాకు చాలా ఎక్కువ స్కోరు వచ్చింది లేదా.",Telugu
252,నేను ఖచ్చితమైన స్కోరును పొందాను మరియు విపరీతమైన పదానికి క్లాసికల్ లాటిన్ మూలాలను కలిగి ఉన్నాను.,Telugu
253,"అద్భుతాన్ని వివరించడానికి నిర్మాణం ఉపయోగించబడుతుంది, ఉదాహరణకు, ఆమె ఈ బాల్కనీ నుండి అద్భుతమైన లేదా అద్భుతమైన దృశ్యాన్ని చదువుతుంది.",Telugu
254,చెప్పండి.,Telugu
255,"మీ స్నేహితులు మరియు విద్యార్థులకు అద్భుతమైన బదులు మీరు ఉపయోగించగల మరికొన్ని పదాలు చాలా అద్భుతమైనవి లేదా అసాధారణమైనవి, మీరు ఈ వీడియోలో సమతుల్య పదాలను ఉపయోగించడం కొనసాగించినట్లుగా.",Telugu
256,"ఈ పది పదాలలో, మీకు ఇష్టమైన స్మార్ట్ వర్డ్ నంబర్ సిక్స్ ఒక పరిష్కారంలో ఉందని అర్థం, ఉదాహరణకు, నేను ఒక పరిష్కారంలో ఉన్నాను ఎందుకంటే నేను ఇద్దరు వేర్వేరు స్నేహితులతో ప్రణాళికలను సిద్ధం చేసాను.",Telugu
257,"నేను నా ఫోన్‌ను కోల్పోయాను, నేను ఒక పరిష్కారంలో ఉన్నాను లేదా ఈ ఉదయం నేను ఒక పరిష్కారంలో ఉన్నాను మరియు సహాయం కోసం ఎల్లప్పుడూ నా వైపుకు వెళ్తాను.",Telugu
258,"నేను పాఠశాలలో మీ స్నేహితులకు పాఠశాలలో మీ స్నేహితులకు ఇవ్వగలరు, మీరు మీ స్నేహితులకు పాఠశాలలో ఇవ్వవచ్చు, మీరు నిజమైన పరిష్కారంలో ఉన్నారని మీ స్నేహితులకు చెప్పవచ్చు.",Telugu
259,కానీ ఒక పరిష్కారం ఒక సమస్యలో సమస్యాత్మక పరిస్థితిలో లేదు లేదా నేను గందరగోళంలో ఉన్నాను లేదా నేను గందరగోళంలో ఉన్నాను లేదా నేను గందరగోళంలో ఉన్నాను లేదా నేను ఇబ్బందుల్లో ఉన్నాను లేదా నేను ఒక ప్రదేశంలో ఉన్నాను స్మార్ట్ వర్డ్ నంబర్ 7 ఒకరిని గందరగోళానికి గురిచేయడం.,Telugu
260,"వారు ఇప్పుడు ఏమి చేయాలో వారు ఇప్పుడు మరచిపోయినందున, మీరు ఫ్లామ్మోక్స్ను ఉపయోగించనప్పుడు ఇది ఉపయోగించిన పదం, ఉదాహరణకు, అద్దంలో లేదా పర్యటనలలో ఉన్న అబ్బాయి.",Telugu
261,"అతను మిమ్మల్ని ఎందుకు లేదా అతని ప్రయాణంలో ఇంటర్వ్యూలో ఎందుకు నియమించుకుంటాడు అని అడిగినప్పుడు, ఆమె పూర్తిగా ఫ్రాంకస్ గా కనిపించింది, కాబట్టి పరీక్షలో ఏవైనా ప్రశ్నలలో మీకు గందరగోళం ఉంది.",Telugu
262,నేను ఎల్లప్పుడూ అలా చెప్పగలను ఎందుకంటే నాకు టీ పరీక్ష బాగా లేనందున నేను వచనాన్ని ఉపయోగించగలను.,Telugu
263,"ఉదాహరణకు, సమావేశం లేదా సమావేశం సమావేశం మాల్‌లోని నా స్నేహితులతో కలవడానికి ఒక సమావేశం అని చెప్పడానికి నా స్నేహితులతో నన్ను కలవాలని నేను ప్లాన్ చేస్తున్నాను.",Telugu
264,నాకు ఈ సాయంత్రం నా స్నేహితులతో అపాయింట్‌మెంట్ ఉంది లేదా నేను రేపు నా స్నేహితుల వద్దకు వెళ్తాను.,Telugu
265,"అంతకుముందు, రెండిగ్యూస్ మిలిటరీ సైనికులకు నియామక స్థలాన్ని సూచించడానికి ఉపయోగించబడింది.",Telugu
266,"ఇప్పుడు రెండెగేస్ అనే పదం గురించి కొన్ని ఉత్తేజకరమైన మరియు రహస్యం ఉన్నాయి, కాబట్టి మీరు ఏదైనా సమావేశానికి రెండెగ్యూస్‌ను ఉపయోగించవచ్చు.",Telugu
267,"సాధారణంగా, ఇది గెలిచింది 'ఇది ఒక అధికారిక సమావేశానికి చాలా సరైనది కాదు, కాబట్టి మీరు ఖచ్చితంగా రెండెమస్ స్మార్ట్ వర్డ్ నెం 9 అని పిలుస్తారు 9 అబ్సెరిజిస్ గమనించేది.",Telugu
268,"లేదా జ్యామితి యొక్క మరగుజ్జు ఉపన్యాసం ఇప్పుడు జ్యామితిలో వినబడుతుంది, అందువల్ల, ఇది 90 డిగ్రీల కంటే ఎక్కువ, కానీ 180 డిగ్రీల కన్నా తక్కువ.",Telugu
269,"ఈ పదునైన కోణం 90 డిగ్రీల కన్నా తక్కువ పదునైన కోణం, కాబట్టి పదబంధం నెమ్మదిగా ఉంటుంది.",Telugu
270,ఉండకూడదు.,Telugu
271,"పరీక్షలో ఒకే ప్రశ్నకు సమాధానం ఇవ్వడానికి, మీ రోజువారీ జీవితంలో ప్రాథమిక ప్రతిపాదనలను అర్థం చేసుకోవడం కష్టం, మీ ప్రియుడు లేదా స్నేహితురాలు ఎందుకు తెలియదు.",Telugu
272,"వారికి చెప్పండి, నేను చాలా తక్కువ కాదు, కానీ మీరు స్మార్ట్ వర్డ్ నంబర్ 10 నెమ్మదిగా ఉన్న మార్గాలతో ఎందుకు కలత చెందుతున్నారో నాకు తెలియదు.",Telugu
273,కొద్దిగా అలసటతో మరియు సాధారణం కంటే తక్కువగా చూడటానికి.,Telugu
274,మినహాయింపులో మినహాయింపులో నన్ను మందగించే పదం యొక్క మూలాలు నెమ్మదిగా ఉన్నాయని మరియు స్లాగ్ ఒక స్నాప్ యొక్క ఉదాహరణలుగా గొప్ప జంతువు అని పదం యొక్క మూలాలు.,Telugu
275,ఆర్థిక వ్యవస్థ చాలా నెమ్మదిగా లేదా నెమ్మదిగా ప్రారంభమైంది.,Telugu
276,"లేకపోతే వ్యాపారం నెమ్మదిగా ఉంటుంది మరియు మీరు మీ దైనందిన జీవితంలో మీ రోజువారీ జీవితంలో దీన్ని ఉపయోగించవచ్చు, మీరు మీ తల్లికి ఒక రోజు చెప్పవచ్చు లేదా మీరు మీకు చెప్పగలరు.",Telugu
277,నేను మీ స్నేహితులకు నీరసంగా ఉన్నాను.,Telugu
278,"ఈ రోజు నేను ఎనర్జీ డ్రింక్‌తో చేయగలను, మీరు నెమ్మదిగా ఉపయోగించగల మరో పదాలు సోమరితనం లేదా నా కాళ్ళను లాగడం, కాబట్టి అవి 10 ఉత్తమ పదాలు మరియు ముందు.",Telugu
279,చాలా నిష్ణాతులుగా అనిపించడానికి నేను మీకు రహస్య చిట్కా ఇస్తున్నాను.,Telugu
280,నేను మీకు గుర్తు చేయాలనుకుంటున్నాను.,Telugu
281,మీరు టెలిఫోన్ కాల్‌లో ఉపయోగించడానికి ఉత్తమమైన పదాల కోసం చూస్తున్నట్లయితే నేను వీడియోకు లింక్ ఉంచాను.,Telugu
282,"అలా చేయడానికి, వివరణ పెట్టె వరకు, రహస్య చిట్కా యొక్క రహస్య చిట్కా రహస్యంగా రహస్యంగా అనుభూతి చెందడానికి మరియు ఒకటి కంటే ఎక్కువ స్మార్ట్ పదాలు లేదా వాక్యాలను ఉపయోగించడం.",Telugu
283,ఎందుకంటే మేము చాలా ఉత్సాహంగా ఉన్నాము.,Telugu
284,మేము ఈ స్మార్ట్ పదాలను చాలా అధ్యయనం చేస్తాము మరియు వాటిలో రెండు పదబంధంలో సహజంగా నాలుగు ఉన్నాయి.,Telugu
285,కాబట్టి మీరు ఉచ్చరించారని నిర్ధారించుకోండి.,Telugu
286,మీరు గూగుల్‌కు వెళ్లి ఈ పదాన్ని గూగుల్ చేయడానికి పదాన్ని టైప్ చేయడానికి మరియు పైన ఉన్న పదాన్ని టైప్ చేయడానికి మీరు ఈ పదాన్ని చూస్తారు.,Telugu
287,ఒకటి లేదా రెండుసార్లు ప్రకటన వినండి.,Telugu
288,మీరు వెళ్ళడానికి సిద్ధంగా ఉన్నారు మరియు మీకు ఈ వీడియో నచ్చితే వ్యాఖ్యానించడం మర్చిపోవద్దు.,Telugu
289,ఈ 10 పదాలలో ఏది మీకు ఇష్టమైనది మరియు నాకు చెప్పండి.,Telugu
290,మీరు సబ్‌స్క్రయిబ్ బటన్‌ను చూడకపోతే మరియు ఇది ఇప్పటికే చందా పొందిన బటన్ మరియు దాని దగ్గర ఉన్న బెల్ ఐకాన్.,Telugu
291,హాయ్ కుర్రాళ్ళు ఈ వీడియోలో నా ఛానెల్‌కు స్వాగతం.,Telugu
292,మీ దైనందిన జీవితంలో ఉపయోగించగల ఉత్తమ 50 ఆంగ్ల పదబంధాలను నేను మీకు ఇస్తాను.,Telugu
293,కాబట్టి మీరు ప్రయాణాన్ని ప్రారంభించబోతున్నట్లయితే.,Telugu
294,"ఇంగ్లీష్ మాట్లాడే దేశానికి, మీరు దీన్ని పూర్తిగా ఉపయోగించవచ్చు.",Telugu
295,"మీరు కొంతకాలం ఇంగ్లీష్ నేర్చుకుంటే, మీరు అధ్యయనాన్ని తిరిగి ప్రారంభించాలనుకుంటే, వాక్యాలు.",Telugu
296,"ఇది ప్రారంభించడానికి ఉత్తమమైన వీడియో, కాబట్టి మీరు 10 నిమిషాల్లో ఇంగ్లీషులో 50 శైలులను వెళ్ళవచ్చు.",Telugu
297,పద్యం నంబర్ వన్ అడగడానికి మరొక మార్గం.,Telugu
298,మీరు ఎలా ఉన్నారు?,Telugu
299,ఎలా జరుగుతోంది?,Telugu
300,ఎలా జరుగుతోంది?.,Telugu
301,కాబట్టి మీరు ఒకరిని కలుస్తారు మరియు అది ఎలా జరుగుతోంది?,Telugu
302,"రెండు పద్యం రెండు అంటే మీరు కొంతకాలం ఎవరినీ ఎవరినైనా చూడలేరు, మీరు కొంతకాలం ఎవరినీ చూడలేరు.",Telugu
303,మీరు ఏమి చేస్తున్నారో అడగాలనుకుంటే.,Telugu
304,మీ జీవితంలో ఏమి జరుగుతుందో మీరు అడగండి.,Telugu
305,అన్నీ వెళితే మీరు ముందు వాటిని పెంచుకోవడానికి ఏమి చేసారు?,Telugu
306,మీరు నిజంగా సరదాగా ప్రత్యుత్తరం ఇవ్వవచ్చు.,Telugu
307,"తదుపరి వచనం మీరు చెప్పే తదుపరి వచనం గురించి ఫిర్యాదు చేయదు, మీకు క్రొత్త ఉద్యోగం ఉందని మీరు ess హించినందున మీరు దీన్ని సంభాషణలో నిజంగా ప్రస్తావించలేదు.",Telugu
308,నీకు ఎలా తెలుసు,Telugu
309,మీకు నచ్చిన చోట మీరు ఎక్కడ ఉన్నారు.,Telugu
310,ఎవరైనా సరదాగా సరదాగా ఉంటే మరియు అది మంచిదని మీరు చెప్పవచ్చు.,Telugu
311,"ఇది పెద్ద జోక్, కాబట్టి ఈ వచనం మంచిది.",Telugu
312,"మీరు ఎవరితోనైనా మీకు కృతజ్ఞతలు చెప్పాలనుకుంటే, మీరు మీ గురించి చాలా ఆందోళన చెందుతారు మరియు ఇది మీకు చాలా కృతజ్ఞతలు మరియు ఇది మీ కోసం చాలా కృతజ్ఞతలు.",Telugu
313,"మీకు సహాయం చేయడానికి ప్రయత్నిస్తున్నారు, కానీ మీరు చెప్పగలిగే ఫలితాన్ని పొందలేకపోయారు.",Telugu
314,"ఏమైనప్పటికీ, ఏమైనప్పటికీ, ఇది పట్టింపు లేదు.",Telugu
315,మీ కృషికి ధన్యవాదాలు.,Telugu
316,"ఏమైనప్పటికీ, నేను ఒక వ్యక్తిని అడగనప్పుడు కొన్నిసార్లు నా ఇమెయిల్‌లో ఉపయోగించే మరొక పద్యం.",Telugu
317,నేను అడుగుతున్నాను మరియు చివరికి నేను చెప్తున్నాను.,Telugu
318,"ముందుగానే ధన్యవాదాలు, అంటే మీరు నిజంగా వెళ్తారని మీరు నిజంగా ఆశిస్తున్నాము.",Telugu
319,ముందుగానే సంతృప్తిపరచడం ద్వారా దీన్ని చేయండి.,Telugu
320,"ఎవరైనా తప్పు చేసినట్లయితే ముందుగానే ధన్యవాదాలు, అతను కలత చెందుతున్నాడు.",Telugu
321,మీరు ఆందోళన చెందమని చెప్పగలరు.,Telugu
322,"చింతించకండి, దాని గురించి చింతించకండి.",Telugu
323,అది చాలా బాగుంది.,Telugu
324,మీరు ఇంటికి చేరుకుంటారు మరియు మీ స్నేహితులందరూ మీ మంచం మీద కూర్చున్నారు.,Telugu
325,మీరు ఇక్కడ చేస్తున్నట్లు మీరు ఇక్కడ జరుగుతున్నారు.,Telugu
326,మీరు ఏదైనా పట్టుకోకపోతే లేదా మీరు నన్ను ఎప్పుడూ అడగగలిగే వ్యక్తిని మీరు ఎల్లప్పుడూ అర్థం చేసుకోకపోతే?,Telugu
327,అప్పుడు ముందుకు సాగండి మరియు మీకు ఎక్కడ నుండి వచ్చారో వివరించండి?,Telugu
328,మీరు ఎవరినైనా ఏడవమని అడిగితే మీరు ఎవరినైనా అడిగితే మీరు చెప్పగలరు.,Telugu
329,"ఇది తీవ్రంగా చూడాలని చింతించకండి, దానిని హృదయానికి తీసుకెళ్లవద్దు.",Telugu
330,"మీరు వాక్యం యొక్క మార్గాన్ని పట్టుకోలేదా అని అడగమని మిమ్మల్ని అడగడానికి మరొక మార్గం, నేను చివరి పదాన్ని పట్టుకోలేదని మీరు చెప్పవచ్చు.",Telugu
331,దయచేసి నన్ను క్షమించు.,Telugu
332,"తుది పదానికి ఎవరైనా దీన్ని పునరావృతం చేయాలనుకుంటే, నేను తీసుకోనందున మీరు దాన్ని పునరావృతం చేయగలరా?",Telugu
333,మీరు క్షమించండి అని చెప్పవచ్చు.,Telugu
334,మీరు బిజీగా ఉన్నందున నేను పట్టించుకోలేదు.,Telugu
335,"బహుశా మీరు ఫోన్‌లో మాట్లాడారు, ఎవరైనా మీతో మాట్లాడవచ్చు, మీరు ఉంటారు.",Telugu
336,ఓరి దేవుడా.,Telugu
337,"క్షమించండి, నేను పట్టించుకోలేదు.",Telugu
338,మీరు దాన్ని పునరావృతం చేయగలరా?,Telugu
339,దయచేసి నన్ను క్షమించు.,Telugu
340,నేను ఎప్పుడూ ఉపయోగించిన మరొక వచనాన్ని నేను వినను.,Telugu
341,మీరు మీ కాఫీని నా అంతా వదిలివేయకూడదనుకుంటే చింతించకండి.,Telugu
342,ఇది సమస్య లేదు.,Telugu
343,నేను బాగానే వుంటాను.,Telugu
344,నేను ఎలాగైనా లాండ్రీకి వెళ్ళబోతున్నాను.,Telugu
345,మీరు అదృష్టవంతుడు కావాలనుకుంటే సరే.,Telugu
346,వేళ్లు పొంగిపొర్లుతున్నాయని నేను ఎల్లప్పుడూ మీకు చెప్తాను మరియు మీరు వారి వేళ్లను విచ్ఛిన్నం చేస్తారు.,Telugu
347,వేళ్లు దాటింది.,Telugu
348,"అమెరికన్లు ఓహ్ బాడ్ ఉపయోగించే మరొక వచనం, దానిని వివరిస్తుంది.",Telugu
349,"మీకు ఏమీ లభించలేదు, ఆపై మీరు అదనపు ప్రభావాన్ని పొందుతారు, మీరు దాన్ని పొందుతున్నారు.",Telugu
350,"మీరు ఓహ్ లాగా ఉన్నారు, అది వివరిస్తుంది.",Telugu
351,"ఆ వ్యక్తికి చెప్పడానికి మరొక మార్గం కలత చెందకూడదు, విషయాలు సరైనవిగా అనిపించినందున ఇది జరుగుతుంది.",Telugu
352,మీకు ఒక వ్యక్తి పేరు లేకపోతే మీరు అతనితో మాట్లాడాలనుకుంటే కలత చెందకండి.,Telugu
353,ఆమె మీ గురించి ఆందోళన చెందుతున్నందుకు క్షమించండి.,Telugu
354,"వ్యాపారం బిజీగా ఉంది, మిమ్మల్ని భంగపరిచేందుకు మీరు ఎల్లప్పుడూ క్షమాపణ చెప్పవచ్చు, ఆపై మీరు ముందుకు వెళ్ళవచ్చు.",Telugu
355,ఇబ్బంది పెడుతున్నందుకు క్షమించు.,Telugu
356,"మీరు ఒకరి కేసులో ఉంటే 'మీరు ఏదో చెప్పగలరు, ఓహ్.",Telugu
357,"మీరు ఏదో మధ్యలో ఉన్నారు, ఎవరో మిమ్మల్ని ఏదైనా చేయమని అడుగుతారు, క్షమించండి.",Telugu
358,"నేను మీతో ఉంటాను నేను మీతో ఉంటాను, ఆపై మీరు ఏదో తిరిగి ప్రారంభిస్తారు మరియు మేము ఎక్కడ ఉన్నామో మీరు చెబుతారు.",Telugu
359,"మేము ఆగిపోయిన చోట మేము ఆగిపోతున్నప్పుడు, మీరు దానిని పునరావృతం చేయాలి ఎందుకంటే ఇది కొంతమంది తప్పుగా అర్థం చేసుకుంటారు.",Telugu
360,"కాబట్టి మీరు సంభాషణ మధ్యలో ఉంటే, మేము మళ్ళీ ఉన్నదాన్ని అభ్యసించడానికి ఇది ఉత్తమ మార్గం.",Telugu
361,"అవతలి వ్యక్తి ఏమి చెబుతుందో మీకు అర్థం కాలేదు, మీరు మీకు మరియు ప్రశ్న గుర్తు ద్వారా మీకు చెప్పగలరు.",Telugu
362,వ్యక్తిని మళ్ళీ పునరావృతం చేయడానికి వ్యక్తిని ప్రేరేపించేది దీని అర్థం?,Telugu
363,మీరు చెబుతున్నారు.,Telugu
364,మీరు అదృష్టవంతురాలైన లేదా మీరు అదృష్టవంతులైతే మీరు చెప్పే విశ్వవిద్యాలయాన్ని మీకు చెప్పడానికి నేను గొప్ప మార్గం .ఇది చాలా కోపంగా ఉంది.,Telugu
365,"ఓహ్, ఇది దాదాపు వెర్రిలా ఉంది.",Telugu
366,మీరు స్థానిక స్పీకర్లను ఉపయోగించడం మంచిదని నేను మీకు వివరించాను.,Telugu
367,"అవి మీకు అంతే మంచివి మరియు మీరు లేకుండా ఇది మంచిది మరియు ఇది ప్రతికూల అర్ధం, కాబట్టి స్వరాన్ని గమనించండి.",Telugu
368,"మీకు ఏదైనా జరిగితే, ఓహ్ మీరు నా దేవుడిలా నన్ను ఎగతాళి చేయాలనుకుంటున్నారు.",Telugu
369,"నేను నమ్మలేకపోతున్నాను, చిరునవ్వుతో నన్ను నవ్వండి మరియు సంతోషంగా ఉండండి, మీరు ఎల్లప్పుడూ ఉత్సాహాన్ని చెప్పగలరు.",Telugu
370,"ఎవరైనా జరగని వస్తువులా భావిస్తే, ఎవరైనా ఫిర్యాదు చేయాలని భావిస్తే మరియు నేను దీన్ని చేయగలను?",Telugu
371,రండి.,Telugu
372,"మీరు దీన్ని చేయవచ్చు, మీరు టోఫెల్ పాస్ చేయవచ్చు మరియు మీకు లభించే GMAT ను పాస్ చేయవచ్చు.",Telugu
373,"ఎవరైనా బాగా చేస్తుంటే, మీరు దీన్ని చేయవచ్చు, మీరు మంచి పనిగా ఉండమని వారికి చెప్పవచ్చు మరియు మీరు మరొక వచనంతో మాట్లాడేటప్పుడు మంచిగా ఉండండి.",Telugu
374,కాలిఫోర్నియాలో చాలా మంది అమెరికన్లు చెప్పాలని దీని అర్థం.,Telugu
375,"ఓహ్ మీరు బర్న్ చేయవచ్చు, మీరు పాటల్లో విన్నారు. '",Telugu
376,"వైఫల్యాల తర్వాత ఎవరైనా గెలిస్తే, నేను మీకు చెప్పాను, అందువల్ల మీరు అక్కడికి వెళ్ళవలసి ఉంటుందని నేను మీకు చెప్పాను, మరియు ఎవరైనా అలసిపోయి, మీరు అలసిపోతే మరియు మీరు అలసిపోతే మీరు కొంచెం ఎక్కువ చెప్పలేరు .",Telugu
377,"నేను కొనసాగించాలనుకుంటున్నాను, ఎవరైనా మిమ్మల్ని అడిగినప్పుడు నేను అలసిపోలేదు, మీకు ఖచ్చితంగా తెలుసు, గది లేదని మీరు చెప్పగలరా?",Telugu
378,"మీరు ఒకరిని SMS లేదా టెక్స్ట్ టెక్స్ట్‌కు పంపించాలనుకుంటే, మీకు మీకు సందేశం పంపమని టెక్స్ట్ మీకు టెక్స్ట్ చేస్తారు మరియు మీరు ఎందుకు చెప్పకూడదని మీరు ఏడుస్తున్నారని మీకు చెప్పడానికి మీరు ఎందుకు చెప్పను మీరు ఏడుస్తున్నదానికంటే మించి ఏడవరు, మీరు విలువైనది కాదని చెప్పడానికి మీరు ఎందుకు ఏడుస్తున్నారు.",Telugu
379,అది విలువైనది కాదు.,Telugu
380,మీరు దాని గురించి ఏడుస్తున్న సమస్య కంటే మంచిది 'మీరు' మీ కన్నీళ్లకు విలువైనది కాదు.,Telugu
381,"ఇది విలువైనది కాదు, మీరు రాకింగ్ చేసే వచనాన్ని నేను ఇష్టపడుతున్నాను మరియు మీరు అద్భుతంగా ఉన్నారని అర్థం.",Telugu
382,ఓరి దేవుడా.,Telugu
383,మీరు రాక్ యు రాక్?,Telugu
384,"లేదు, మీరు అద్భుతమైన పని చేసారు.",Telugu
385,"ఎవరైనా బాగా పని చేయకపోతే, మీరు పని చేయడానికి కష్టపడాలనుకుంటే, మీరు అదనపు మైలుకు వెళ్లాలనుకుంటే, మీరు హార్డ్ వర్క్ వంటి అదనపు మైలు వెళ్ళాలి.",Telugu
386,మీరు చెప్పగలిగే విషయం మీకు చెప్పడానికి మరొక మార్గం మీ ఆటలో ఉత్తమమైన పని.,Telugu
387,ఎవరో ఏడుస్తారు మరియు అది అక్కరలేదు.,Telugu
388,"అక్షరాలా మిమ్మల్ని మీరు కలిసి లాగండి, మిమ్మల్ని మీరు కలిసి లాగండి మరియు మీతో పనిచేయడం మానేయండి, మీరే కలిసి లాగండి.",Telugu
389,హే మరొక వాక్యాన్ని మీరే శాంతపరుస్తుంది.,Telugu
390,కొన్నిసార్లు మీరు నన్ను అమ్మారు అని నేను నిన్ను ప్రేమిస్తున్నాను ఎందుకంటే వారు తమ ప్రయాణాన్ని లేదా వారిని కొన్న వారిని వివరిస్తారు.,Telugu
391,"మీరు నన్ను విక్రయించారని మీరు చెప్పినదాన్ని నేను కొనాలనుకుంటున్నాను అని వారు చెప్తారు, మీరు నన్ను విక్రయిస్తారు, మీరు దానిని సరిగ్గా కొనుగోలు చేయరు, మీరు నన్ను విక్రయించిన సంభాషణపై మీరు ఆసక్తి చూపకూడదనుకుంటే.",Telugu
392,"మీరు కూర్చున్నప్పుడు, నేను కొద్దిగా బోరింగ్ చెప్పలేనని మీరు చెప్పవచ్చు.",Telugu
393,నాకు ఇష్టము లేదు.,Telugu
394,"ఎవరైనా మిమ్మల్ని ఏదైనా అడిగితే, నేను తక్కువ శ్రద్ధ వహించలేను, నా 1 మిలియన్లను తీసుకోమని మీకు చెప్పినట్లుగా ఇది మీకు చాలా సులభమైన నిర్ణయం.",Telugu
395,నేను తీసుకోగలను.,Telugu
396,"మీరు ఒక సాధారణ మహిళ అయితే, మీరు ఏదైనా తప్పు చేసి ఉంటే, మీరు మీకు చాలా సులభమైన నిర్ణయం అయితే అవును అని చెప్పాను.",Telugu
397,నాకు తెలుసు.,Telugu
398,దయచేసి నన్ను క్షమించు.,Telugu
399,నేను కంగారుపడ్డాను.,Telugu
400,ఇది నా తప్పు.,Telugu
401,మీరు బదులుగా ఎవరైనా పని చేయాలనుకుంటే నేను దానిని వివరించాను.,Telugu
402,నేను నన్ను దాచగలనా?,Telugu
403,నేను నా స్నేహితుడిని చూస్తున్నాను.,Telugu
404,"మీరు నన్ను దాచగలరా, వెళ్ళడానికి సమయం, నేను వెళ్ళడం మంచిది, అంటే నేను అప్పటికే వెళ్ళాలి.",Telugu
405,నీకు అది తెలుసు.,Telugu
406,ఇది నిజానికి 1 9 PM.,Telugu
407,ఈ సమయంలో.,Telugu
408,నేను వీడ్కోలు చెప్పడానికి మరొక మార్గంలో వెళ్ళడం మంచిది.,Telugu
409,"నేను మీకు చెప్తాను, అంటే మీ గురించి శ్రద్ధ వహించండి.",Telugu
410,నేను మిమ్మల్ని తరువాత చూస్తాను.,Telugu
411,జాగ్రత్త.,Telugu
412,మీరు ఈ వీడియోను చూసిన రోజు నాకు తెలియదు కాని ఇది శుక్రవారం ఉంటే శుక్రవారం.,Telugu
413,స్వర్గం శుక్రవారం అని లేదా స్వర్గం శనివారం చెప్పినట్లు అనుకున్నారని చెప్పడానికి ధన్యవాదాలు.,Telugu
414,"ఇది చాలా సంతోషంగా ఉంది, మరియు ఇది ఆంగ్లంలో 50 వాక్యాలు దయచేసి మీకు మరింత ఆసక్తికరమైన శైలులు తెలిస్తే నాకు తెలియజేయండి.",Telugu
415,ఇది ఎక్కడైనా ఎరుపు బటన్ కలిగి ఉంటుంది.,Telugu
416,హలో మరియు స్వాగతం.,Telugu
417,ఈ వీడియోలో మీరు ఉపయోగించగల 100 సాధారణ మరియు ఉపయోగకరమైన వాక్యాలను నేను మీకు ఇస్తాను.,Telugu
418,మీరు నా తర్వాత వాక్య శిక్షణ విన్నప్పుడు.,Telugu
419,నేను ఉపయోగించే వాయిస్ యొక్క స్వరంతో సహా నా ఉచ్చారణను కాపీ చేయడానికి ప్రయత్నించండి.,Telugu
420,సరే ప్రారంభిద్దాం.,Telugu
421,ప్రాథమిక శుభాకాంక్షలు అది ఎలా జరుగుతోంది?,Telugu
422,విషయాలు ఎలా ఉన్నాయి?,Telugu
423,ఏమిటి సంగతులు?,Telugu
424,మిమ్ములని కలసినందుకు సంతోషం.,Telugu
425,చాలా కాలం చూడలేదు.,Telugu
426,నువ్వు ఎలా వున్నవు?,Telugu
427,మంచిది కృతజ్ఞతలు.,Telugu
428,మీ గురించి ఎలా?,Telugu
429,ఇక లేదు.,Telugu
430,దినచర్య.,Telugu
431,నేను వెళ్ళాలి అనుకుంటున్నాను.,Telugu
432,ఇది మీరు తరువాత చూసే ఆనంద సమావేశం.,Telugu
433,అందుబాటులో ఉండు.,Telugu
434,సమాచారం అడగడం.,Telugu
435,ఈ పదానికి అర్థం ఏమిటో మీరు నాకు చెప్పగలరా?,Telugu
436,లైబ్రరీ ఎక్కడ ఉందో మీకు తెలుసా?,Telugu
437,సంకోచం.,Telugu
438,ఇది మంచి ప్రశ్న.,Telugu
439,నన్ను చూడనివ్వండి.,Telugu
440,నేను ఒక్క క్షణం ఆలోచిస్తాను.,Telugu
441,పునరావృతం కోరుతుంది.,Telugu
442,ఎగ్జిక్యూట్స్ M?,Telugu
443,క్షమించండి నేను దానిని పట్టుకోలేదు.,Telugu
444,మీరు దానిని పునరావృతం చేయాలనుకుంటున్నారా?,Telugu
445,దయచేసి మీరు కొంచెం నెమ్మదిగా మాట్లాడగలరా?,Telugu
446,"""నాకు తెలియదు.""",Telugu
447,నాకు తెలియదని నేను భయపడుతున్నాను.,Telugu
448,"మీకు సహాయం చేయలేరు, క్షమించండి.",Telugu
449,నన్ను కూర్చోవడం.,Telugu
450,వ్యాఖ్యలు.,Telugu
451,దాని గురించి మీరు ఏమనుకుంటున్నారు?,Telugu
452,దాని గురించి మీ అభిప్రాయాలు ఏమిటి?,Telugu
453,ఇది మంచి ఆలోచన అని నేను అనుకుంటున్నాను.,Telugu
454,నేను పని చేయడానికి గౌరవించను.,Telugu
455,"నాకు, ఇది నగరంలోని ఉత్తమ రెస్టారెంట్.",Telugu
456,ఒక ప్రశ్నను నివారిస్తుంది.,Telugu
457,ఈ విషయంపై నాకు ఎటువంటి వ్యాఖ్య లేదు.,Telugu
458,నేను మిమ్మల్ని తిరిగి తీసుకువస్తాను.,Telugu
459,నాకు చెప్పే స్వేచ్ఛ లేదు.,Telugu
460,అంగీకరించారు మరియు అంగీకరించలేదు.,Telugu
461,అంతకన్నా ఒప్పుకొలేను.,Telugu
462,మీరు చెప్పింది నిజమే.,Telugu
463,నేను మీతో 100%అంగీకరిస్తున్నాను.,Telugu
464,మీరు తలపై గోరు కొట్టారు.,Telugu
465,నేను అంగీకరిస్తున్నానని నాకు తెలియదు.,Telugu
466,నేను అంగీకరించను అని భయపడుతున్నాను.,Telugu
467,మీరు తప్పుగా భావిస్తున్నాను.,Telugu
468,మంచి తగ్గిపోతుంది.,Telugu
469,మీకు ఆటంకం కలిగించినందుకు క్షమించండి.,Telugu
470,నేను మిమ్మల్ని ఒక క్షణం ఆపగలనా?,Telugu
471,నేను ఇక్కడకు దూకితే మీరు పట్టించుకోవడం లేదా?,Telugu
472,కొనసాగించండి.,Telugu
473,ఉండక్కడ.,Telugu
474,నన్ను పూర్తి చేద్దాం.,Telugu
475,ఒక క్షణం పట్టుకోండి.,Telugu
476,సూచనలు.,Telugu
477,మేము సినిమాలకు వెళుతున్నామని మీరు ఏమి చెబుతారు?,Telugu
478,ఈ రాత్రి విందు కోసం పిజ్జా తినడం గురించి ఏమిటి?,Telugu
479,ఇది మంచిది.,Telugu
480,నాకు మంచి అనుభూతి.,Telugu
481,దాని గురించి నాకు ఖచ్చితంగా తెలియదు.,Telugu
482,"లేదు, నేను అలా అనుకోను.",Telugu
483,ప్రణాళికలు సిద్ధం చేయబడుతున్నాయి.,Telugu
484,ఈ రాత్రికి ఏమి చేస్తున్నావు?,Telugu
485,రేపు మీకు ఏమైనా ప్రణాళికలు వచ్చాయా?,Telugu
486,వచ్చే శనివారం మీరు స్వేచ్ఛగా ఉన్నారా?,Telugu
487,మీరు ఈ వారాంతంలో ఏదైనా చేయాలనుకుంటున్నారా?,Telugu
488,"వాస్తవానికి, మీ మనస్సులో ఏముంది?",Telugu
489,నేను ప్రతి వారాంతంలో స్వేచ్ఛగా ఉన్నాను మరియు మేము ఏదో చేయగలం.,Telugu
490,"లేదు, క్షమించండి, నేను ఇప్పటికే కొన్ని ప్రణాళికలపై పిచ్చివాడిని.",Telugu
491,నేను రేపు బిజీగా ఉన్నాను.,Telugu
492,నేను ఏదో చేయాలనుకుంటున్నాను కానీ నేను చేయలేను.,Telugu
493,అనుమతి.,Telugu
494,నేను మీ సెల్ ఫోన్‌ను ఉపయోగిస్తే మీరు పట్టించుకోవడం లేదా?,Telugu
495,రేపు సెలవు తీసుకోవడం ద్వారా సరేనా?,Telugu
496,"అవును, దయచేసి నిర్ధారించుకోండి, ముందుకు సాగండి.",Telugu
497,ఎప్పుడూ లేదు.,Telugu
498,"దురదృష్టవశాత్తు, నేను అవసరం లేదని చెప్పాలనుకుంటున్నాను.",Telugu
499,మీకు అక్కరలేదు.,Telugu
500,నాకు భయంగా ఉంది.,Telugu
501,అభ్యర్థనలు నిర్వహిస్తారు.,Telugu
502,మీరు నాకు ఉప్పు ఇవ్వగలరా?,Telugu
503,దయచేసి?,Telugu
504,నేను కొంత డబ్బు ఇవ్వాలనుకుంటున్నారా?,Telugu
505,ఇది నాకు సహాయం చేయగలదా అని నేను ఆలోచిస్తున్నాను.,Telugu
506,అక్కడ ఏ సమస్య లేదు.,Telugu
507,అవును ఖచ్చితంగా తెలియదు.,Telugu
508,నేను సహాయం చేయడం సంతోషంగా ఉంది.,Telugu
509,"క్షమించండి, నేను చేయలేను.",Telugu
510,నేను చేయలేనని భయపడుతున్నాను.,Telugu
511,ఆఫర్లు ప్రదర్శిస్తాయి.,Telugu
512,నేను నాకు ఒక గ్లాసు నీరు ఇవ్వవచ్చా?,Telugu
513,కొన్ని ఐస్ క్రీముల గురించి ఏమిటి?,Telugu
514,నేను ఇంటికి వెళ్లాలనుకుంటున్నారా?,Telugu
515,అవును దయచేసి.,Telugu
516,"అది మంచిది, ధన్యవాదాలు.",Telugu
517,నేను బాగానే ఉన్నాను కాని ఏ వాగ్దానం చేసినందుకు ధన్యవాదాలు.,Telugu
518,"లేదు, నేను బాగున్నాను, ధన్యవాదాలు.",Telugu
519,ప్రజలకు ధన్యవాదాలు.,Telugu
520,ఒక మిలియన్ ధన్యవాదాలు.,Telugu
521,నేను నిజంగా చీర్స్ అభినందిస్తున్నాను.,Telugu
522,అది మీకు చాలా రకమైనది.,Telugu
523,నేను మీకు తగినంత కృతజ్ఞతలు చెప్పలేను.,Telugu
524,ఇది ఏమీ కాదు.,Telugu
525,దాని గురించి ప్రస్తావించవద్దు.,Telugu
526,ఎప్పుడైనా.,Telugu
527,నా ఆనందం.,Telugu
528,ఒకరి కోసం వేచి ఉండమని ప్రాంప్ట్ చేశారు.,Telugu
529,మీరు నిలిపివేయగలరా?,Telugu
530,ఒక క్షణం వేలాడదీయండి.,Telugu
531,ఒక క్షణం భరించండి.,Telugu
532,నేను నీతో ఉంటాను.,Telugu
533,క్షమాపణ.,Telugu
534,నేను క్షమించండి.,Telugu
535,దయచేసి నా క్షమాపణ అంగీకరించండి.,Telugu
536,దాని గురించి చింతించకండి.,Telugu
537,చింతించకండి.,Telugu
538,"సరే, సాధారణ వాక్యాలు మరియు శైలుల గురించి మీకు మరిన్ని పాఠాలు అవసరమైతే, దిగువ వ్యాఖ్య విభాగంలో నాకు తెలియజేయండి.",Telugu
539,"మీరు ఈ వీడియోను ఇష్టపడితే, యూట్యూబ్‌లో పొందడానికి కింది పాఠాలకు సభ్యత్వాన్ని పొందటానికి సభ్యత్వాన్ని పొందటానికి సభ్యత్వాన్ని పొందడాన్ని గుర్తు చేయండి.",Telugu
540,"సంతోషకరమైన అధ్యయనం, మరొక పాఠంలో నేను త్వరలో మిమ్మల్ని చూస్తాను.",Telugu
541,"మరియన్ అనే మహిళ, ఒక చిన్న గ్రామంలో ఒకసారి నివసించింది.",Telugu
542,"ఆమె ఏకైక కుమార్తె నర్సిసా మారియన్ చాలా వినయపూర్వకమైన నర్సిసా, అయినప్పటికీ, ఆమె ఒక జీవి అని మాటలకు మించిన అందమైన విషయం అని మీరు చూస్తారు.",Telugu
543,నర్సిస్సా బొమ్మ యొక్క అత్యంత ఆసక్తికరమైన భాగం మరియు మీరు ఉండాలనుకున్నట్లుగా ఆమె తనను తాను ప్రేమించడం.,Telugu
544,"నన్ను కాల్చడానికి నాకు సహాయం చెయ్యండి ఈ విత్తనాలను నాటడానికి నర్సిస్సా నాకు సహాయపడుతుంది మరియు మీరు నా ముఖానికి ఎందుకు చెడుగా ఉన్నారు, నా అందమైన వేళ్ళపై మురికిగా ఉంటే అది నర్సిస్సా సమస్య.",Telugu
545,"ఆమె ఉద్యోగం చేయడానికి తనకు చాలా పెద్దదని ఆమె భావించింది, మరియు వివాహంలో నర్సిసస్ అడగడానికి చాలా మంది విలాసవంతమైనవారు వచ్చారు.",Telugu
546,"ఆమె అందం కేవలం చాలా వారీగా ఉన్నప్పటికీ, ఆమె అందరికీ నిరాకరించింది, మరియు నిన్న మీరు వారికి ఎందుకు చెప్పారు?",Telugu
547,"పక్షికి పక్షి వంటి చిన్న కళ్ళు ఉంటే, నేను అతని దగ్గరకు రావటానికి ఇష్టపడను.",Telugu
548,"అతను కుట్టుపని చేయనప్పుడు, చివరి స్టాప్ లేదు, నేను ఇక వినడానికి ఇష్టపడను, పురుషులు నిజంగా మంచివారని నేను తెలుసుకోవాలనుకుంటున్నాను.",Telugu
549,మీరు యువరాజు లేదా గుర్రం వంటి వారిని అర్థం చేసుకోవలసిన ప్రతిదీ కాదా?,Telugu
550,"ఓహ్, ఆమె ఒక రాత్రి నిద్రపోతున్నప్పుడు, ఆమె తల్లి ఆమె వైపు మరియు ఆమె చుట్టూ చూసింది.",Telugu
551,"నా అభిమాన పిల్లవాడు చాలా అందంగా మరియు అందమైనవాడు, కానీ మీరు మీ అందం కంటే మరేమీ పట్టించుకోరు.",Telugu
552,"ఆ సమయంలో, నర్సిసస్ నిద్రను చూసి నవ్వడం ప్రారంభించాడు, మరుసటి రోజు ఉదయం చాలా ఆసక్తికరమైన కల జరిగిందని తల్లి ఆశ్చర్యపోయింది.",Telugu
553,"నేను మేల్కొన్నాను, ఆమె అంతా నవ్వింది, మరియు ఇక్కడ చిరునవ్వుతో మరియు మీరు కలలుగన్నది నాకు చెప్పండి.",Telugu
554,గత రాత్రి ఇది ఒక అద్భుతమైన కల మరియు ఈ యువరాజు నా వద్దకు వచ్చారని మీకు తెలుసు.,Telugu
555,"అతను బంగారు క్యారేజ్ ధరించి, పైభాగంలో మరియు పైభాగంలోకి మరియు పైకి క్రిందికి క్రిందికి మరియు పైకి క్రిందికి వచ్చాడని చెప్పాడు.",Telugu
556,"నా వివాహ దుస్తులలో నేను బంగారుగా ఉన్నప్పుడు, దాని ఉత్తమ భాగం మీకు తెలుసు, అయితే, నర్సిసా నన్ను అద్భుతమైనది మాత్రమే చూసింది.",Telugu
557,"ఇది చాలా అహంభావ కల మరియు మీరు ఏమి చెబుతున్నారో మీకు తెలియదు, నా గురించి కలలు కంటున్నది ఇక్కడ తినడం కంటే కల చాలా అవసరం.",Telugu
558,"పేద నర్సిసస్ ఆమె తల్లి గురించి ఆలోచించండి, కుమార్తె గురించి మరియు ఎలా.",Telugu
559,ఆమె ఆ రోజు తన జీవితాన్ని గడుపుతుంది.,Telugu
560,"ఇద్దరు స్నేహితులు తల్లిని కలవడానికి వచ్చారు, మరియు వారు మెల్లి మరియు టెర్రీ మరియు ముగ్గురు స్నేహితులు.",Telugu
561,"నర్సిస్ తల్లికి తల్లి తల్లి తెలుసు, ఆమె మిమ్మల్ని చూడటం చాలా బాగుంది, మరియు ఆమె కల ఎలా ఉంది మరియు ఆమె చాలా బాగుంది మరియు ఆమె ఆమె గురించి ఎలా ఆందోళన చెందుతుందో ఆమె.",Telugu
562,"ఇది అద్భుతంగా ఉంటుంది, మరియు ఆమె నేర్చుకుంటుంది, నేను వేరే వాటితో మాట్లాడతాను.",Telugu
563,"ఇప్పుడు మెల్లి మరియు టెర్రెరీలు తమ పాత స్నేహితుడికి, తల్లి మరియు కుమార్తె ఒకరినొకరు రహస్యంగా నవ్వారు.",Telugu
564,"మంచం ఆమె తల్లి కోసం సిద్ధంగా ఉంది, నా కల గ్రహించబడిందని నేను నమ్ముతున్నాను, మరుసటి రోజు నార్సిస్సా మరియు నా తల్లికి మరుసటి రోజు తెలుసు అని మీకు తెలుసు.",Telugu
565,గోల్డెన్ జర్నీ వారి వద్దకు వచ్చి వారికి మరియు వజ్రాలు మరియు వజ్రాలలో పడిపోయింది.,Telugu
566,"అది ఆపివేసినప్పుడు, ఒక అందమైన దాని నుండి బయటపడింది మరియు నర్సిస్సా యొక్క నర్సిసా పూర్తిగా భయాందోళనలను చూసింది.",Telugu
567,"హలో నేను వివాహంలో తన చేతిని అడగమని నర్సిసస్ అడగడానికి ఇక్కడ ఉన్నాను, కాని అతనికి తెలుసు, మరియు మీరు ఎవరు.",Telugu
568,నేను మీ కుమార్తె పేరు మరియు అందంలో అదృష్ట అదృష్టం యొక్క దేవదూత.,Telugu
569,నేను మీకు బహుమతి తెచ్చాను కాని మీరు అతనితో వెళ్ళలేరని మీకు తెలియదు.,Telugu
570,"ఓహ్, అతను ధనవంతుడు మరియు అందమైనవాడు, నేను మీ టెరెన్స్‌ను అంగీకరించగలను.",Telugu
571,"ఆమె ఒక మ్యాజిక్ పోర్టల్‌తో ప్రయాణించింది, మరియు ఆమె తల్లి రథంలో తుఫాను మరియు పాత్రలో తుఫాను మరియు పాత్రకు ప్రయాణించింది.",Telugu
572,"అది ఉన్న వెంటనే, క్యారేజ్ మరొక పోర్టల్ ద్వారా మరొక పోర్టల్, నా డార్లింగ్ ద్వారా వెళ్ళడానికి చాలా భయపడింది.",Telugu
573,"విస్తృత మరియు సొగసైన బంగారు కోట నర్సిస్సా ఆశ్చర్యకరమైనవి మీకు తెలుసు అని మీకు తెలుసు అని మీకు తెలుసు, మీకు తెలుసని మీకు తెలుసు, మీరు ఇక్కడకు రావాలనుకునే చాలా అందమైన బట్టలకు మీకు అర్హత ఉంటుంది.",Telugu
574,నేను ఖచ్చితంగా ఆ రుచికరమైన ఆహారాన్ని తినవచ్చా?,Telugu
575,"మాంసం వాసన ఉన్న మెలిజం నేను మీకు కావలసినదాన్ని పొందగలను, ధన్యవాదాలు, ఎందుకంటే వారు భోజనాల గదికి వెళ్ళారు, ఎందుకంటే ఇది జామ్‌లతో తయారు చేయబడింది.",Telugu
576,"మాణిక్యాల సలాడ్లు మాబయీల రొట్టెలతో తయారు చేయబడతాయి, దాని పైన ఉన్న రొట్టె, మరియు ఈ జామ్ ఎంత అందంగా ఉంది, మరియు ఆమె స్లైస్ తీసుకున్న రొట్టెకు మంచిది.",Telugu
577,"రూబిక్ జామ్ చాలా గొప్పది మరియు ఇది చాలా వేడిగా ఉంది మరియు నేను చాలా వేడిగా తినలేను, కానీ మీరు తినలేకపోతే, మీకు వెండి రొట్టె సిల్లవర్ చెల్లించడానికి మీరు తింటారు.",Telugu
578,"ఇంకేమైనా నేను సాధారణ రొట్టె రొట్టెను కలిగి ఉండాలి, కాబట్టి నా సైర్ షెల్ భార్యగా ఉండటానికి ఇది చలి.",Telugu
579,"కానీ ఆమె అన్ని తినదగిన వాటిలో ట్రంప్ చేయబడింది, త్వరలోనే నేను త్వరలో దీనిని ఏడవడం ప్రారంభించాను కాని ఆహారం బాగుంది.",Telugu
580,"ఇక్కడ బంగారు బంగాళాదుంపలను ప్రయత్నించండి, మీరు నన్ను వివాహం చేసుకున్న తర్వాత అవి చాలా బాగున్నాయి.",Telugu
581,"మీరు తినాలి మరియు మీరు పెళ్లి చేసుకోకూడదనుకునే ఫాన్సీ విషయాలు మీకు నచ్చాయని నేను అనుకున్నాను, నేను ఇంటికి వెళ్లాలనుకుంటున్నాను.",Telugu
582,నా తల్లి మెలిస్సాకు నన్ను ఇంటికి అనుమతించండి మరియు ఒకరినొకరు బాగా ఎగిరింది.,Telugu
583,మీకు నిజంగా అవసరమైతే నేను నిన్ను ఇంటికి తీసుకెళ్ళి ఇంటికి మరియు అసంతృప్తిని తీసుకుంటాను.,Telugu
584,"కారులో, నర్సిస్ ఆమె ఇంటికి వచ్చిన ఎన్నికల గురించి లోతుగా ఆలోచించడం ప్రారంభించాడు.",Telugu
585,"ఆమె ఇంట్లో నా తల్లిని కౌగిలించుకోవడానికి పరిగెత్తింది, నా సోదరి, నా అభిమాన కుమార్తె నేను నిన్ను ఎప్పటికీ చూడలేనని అనుకున్నాను.",Telugu
586,"ఓమ్, నేను నిన్ను చాలా ప్రేమిస్తున్నాను, మీరు బంగారు రొట్టెను ఉపయోగించలేదు మరియు బంగారు రొట్టె అంతా పనికిరానిది, ఎందుకంటే నేను తినలేను.",Telugu
587,"అతను అందంగా ఉన్నాడు, అతను నా గురించి పట్టించుకోలేదు, కాని నా ప్రియమైనవారు ఇతరులకు చికిత్స చేశారని నాకు తెలుసు.",Telugu
588,"నేను నటించినందుకు క్షమించండి అని నాకు తెలుసు, లేదు, మీరు చూసినప్పటి నుండి ఫర్వాలేదు.",Telugu
589,ఆ రోజు నుండి ఆ రోజు నుండి మీకు మంచి ఏదైనా ఇవ్వవచ్చు.,Telugu
590,"నర్సిసా మొదట మారిపోయింది, కానీ నెమ్మదిగా మరియు రోగి ఆమె ఒక రోజు మెల్లి మరియు టెర్రీలను చూడటం ప్రారంభించింది, మరియు ఆమె నాతో చెప్పింది కాబట్టి హలో మాకు హలో చెప్పండి.",Telugu
591,"""ఇప్పుడు జరిగిన అన్ని విషయాలు మరియన్ వారికి చెప్పారు, ఆ సమయం నుండి ఆమె ఆ సమయం నుండి చాలా మారిపోయింది.",Telugu
592,"ఆమెకు తెలుసు, ఆమెకు ఎక్కువ బంగారు రొట్టెలు లేవు.",Telugu
593,"టెర్రీ మీరు నిజంగా ఆ దేవదూతలా కనిపిస్తారు, అయితే, మీరిద్దరూ ఎలా ఉంటారో నేను చూస్తున్నాను",Telugu
